Date,Open,High,Low,Close,Volume,Dividends,Stock Splits,Ticker
2025-05-08 00:00:00+05:30,11527.928220263333,11666.052694241145,11466.318742661719,11557.7392578125,388912,0.0,0.0,ULTRACEMCO.NS
2025-05-09 00:00:00+05:30,11407.690242349745,11485.198939118323,11241.742135165738,11292.4208984375,200270,0.0,0.0,ULTRACEMCO.NS
2025-05-12 00:00:00+05:30,11516.996774913992,11692.881885281531,11492.154245201064,11662.0771484375,182795,0.0,0.0,ULTRACEMCO.NS
2025-05-13 00:00:00+05:30,11626.304151860368,11674.001809919282,11493.148189779231,11587.5498046875,307678,0.0,0.0,ULTRACEMCO.NS
2025-05-14 00:00:00+05:30,11602.455273571368,11667.045851918587,11550.782810893592,11598.48046875,179337,0.0,0.0,ULTRACEMCO.NS
2025-05-15 00:00:00+05:30,11598.480365625526,11856.842676717253,11569.663030926833,11819.08203125,371371,0.0,0.0,ULTRACEMCO.NS
2025-05-16 00:00:00+05:30,11874.729248969708,11914.477296665005,11782.315038078144,11830.0126953125,209706,0.0,0.0,ULTRACEMCO.NS
2025-05-19 00:00:00+05:30,11829.01977324168,11915.471782673134,11805.170943053692,11853.8623046875,128237,0.0,0.0,ULTRACEMCO.NS
2025-05-20 00:00:00+05:30,11893.60997569823,11904.540689185797,11595.499607855514,11623.3232421875,158934,0.0,0.0,ULTRACEMCO.NS
2025-05-21 00:00:00+05:30,11623.323292832134,11834.98165492269,11560.720115312391,11592.5185546875,173017,0.0,0.0,ULTRACEMCO.NS
2025-05-22 00:00:00+05:30,11592.518846485713,11626.304689172195,11444.457359418477,11606.4306640625,175370,0.0,0.0,ULTRACEMCO.NS
2025-05-23 00:00:00+05:30,11653.134325066114,11800.202107116918,11587.550043881294,11672.0146484375,181463,0.0,0.0,ULTRACEMCO.NS
2025-05-26 00:00:00+05:30,11725.674863252845,11809.145769059052,11571.651168015202,11615.3740234375,198003,0.0,0.0,ULTRACEMCO.NS
2025-05-27 00:00:00+05:30,11602.455332077423,11648.165587753645,11303.35126776128,11349.0615234375,478345,0.0,0.0,ULTRACEMCO.NS
2025-05-28 00:00:00+05:30,11382.847023370066,11397.75254107854,11129.453222326038,11167.2138671875,201200,0.0,0.0,ULTRACEMCO.NS
2025-05-29 00:00:00+05:30,11178.145505992656,11265.591217124966,11080.762782231675,11198.01953125,350206,0.0,0.0,ULTRACEMCO.NS
2025-05-30 00:00:00+05:30,11194.044191848796,11238.760746543265,11099.642576382694,11139.390625,394181,0.0,0.0,ULTRACEMCO.NS
2025-06-02 00:00:00+05:30,11109.579833003014,11148.334181257676,10949.593933797873,11124.4853515625,314936,0.0,0.0,ULTRACEMCO.NS
2025-06-03 00:00:00+05:30,11208.949967433167,11220.874382292139,10930.713620723835,10965.4931640625,349615,0.0,0.0,ULTRACEMCO.NS
2025-06-04 00:00:00+05:30,10970.461768104777,10985.36728681144,10851.217618451463,10963.505859375,345047,0.0,0.0,ULTRACEMCO.NS
2025-06-05 00:00:00+05:30,10968.474066441606,11109.579639682655,10933.694523741347,11088.7119140625,191183,0.0,0.0,ULTRACEMCO.NS
2025-06-06 00:00:00+05:30,11109.579926255778,11239.754789434623,11049.957851517374,11182.1201171875,143723,0.0,0.0,ULTRACEMCO.NS
2025-06-09 00:00:00+05:30,11189.076171875,11246.710844874,11095.668253566275,11189.076171875,209231,0.0,0.0,ULTRACEMCO.NS
2025-06-10 00:00:00+05:30,11338.131300375571,11411.665193121215,11263.603706376607,11319.2509765625,279918,0.0,0.0,ULTRACEMCO.NS
2025-06-11 00:00:00+05:30,11308.32011146306,11445.450882586249,11268.572061862134,11391.791015625,237747,0.0,0.0,ULTRACEMCO.NS
2025-06-12 00:00:00+05:30,11402.721293650782,11432.532329712614,11208.949559248875,11251.6787109375,262530,0.0,0.0,ULTRACEMCO.NS
2025-06-13 00:00:00+05:30,11041.014494087725,11179.138966653487,10948.600278630056,11153.302734375,181355,0.0,0.0,ULTRACEMCO.NS
2025-06-16 00:00:00+05:30,11199.012925116898,11445.450831543605,11126.472734918714,11422.595703125,401104,0.0,0.0,ULTRACEMCO.NS
2025-06-17 00:00:00+05:30,11427.563821872529,11436.507132689647,11288.445653606255,11311.30078125,121415,0.0,0.0,ULTRACEMCO.NS
2025-06-18 00:00:00+05:30,11311.30112166842,11406.69643992197,11271.553072396107,11334.15625,156816,0.0,0.0,ULTRACEMCO.NS
2025-06-19 00:00:00+05:30,11328.194334227233,11412.658941105243,11281.49037512998,11348.068359375,157757,0.0,0.0,ULTRACEMCO.NS
2025-06-20 00:00:00+05:30,11348.067480144877,11452.406104086664,11298.382421124978,11385.828125,629895,0.0,0.0,ULTRACEMCO.NS
2025-06-23 00:00:00+05:30,11329.188081638544,11417.6274939064,11249.691980723617,11376.8857421875,304907,0.0,0.0,ULTRACEMCO.NS
2025-06-24 00:00:00+05:30,11486.19238188477,11749.52320472407,11441.475827063003,11506.06640625,735700,0.0,0.0,ULTRACEMCO.NS
2025-06-25 00:00:00+05:30,11561.713957910515,11696.857326907148,11560.720256667892,11659.0966796875,253134,0.0,0.0,ULTRACEMCO.NS
2025-06-26 00:00:00+05:30,11616.367606692169,11910.503176545111,11607.42429544664,11875.7236328125,506580,0.0,0.0,ULTRACEMCO.NS
2025-06-27 00:00:00+05:30,11904.540853304368,12168.865383102278,11841.937675194336,12136.0732421875,501287,0.0,0.0,ULTRACEMCO.NS
2025-06-30 00:00:00+05:30,12138.060652905477,12193.707922374384,11942.301508523784,12016.8291015625,333104,0.0,0.0,ULTRACEMCO.NS
2025-07-01 00:00:00+05:30,12028.753169629146,12147.997315052979,11984.036615095209,12133.091796875,207437,0.0,0.0,ULTRACEMCO.NS
2025-07-02 00:00:00+05:30,12133.091500356826,12448.094776819817,12093.34345285361,12357.66796875,445829,0.0,0.0,ULTRACEMCO.NS
2025-07-03 00:00:00+05:30,12357.668850948741,12495.793325882954,12298.046775437571,12319.908203125,275755,0.0,0.0,ULTRACEMCO.NS
2025-07-04 00:00:00+05:30,12321.895209049657,12463.000783217805,12263.266836684017,12427.2275390625,191516,0.0,0.0,ULTRACEMCO.NS
2025-07-07 00:00:00+05:30,12397.416067043843,12421.264895643479,12228.486864463091,12267.2412109375,149939,0.0,0.0,ULTRACEMCO.NS
2025-07-08 00:00:00+05:30,12267.241208975744,12416.29638769963,12227.49316131604,12366.611328125,219226,0.0,0.0,ULTRACEMCO.NS
2025-07-09 00:00:00+05:30,12331.832411240248,12500.761622353128,12298.046569017672,12482.875,379924,0.0,0.0,ULTRACEMCO.NS
2025-07-10 00:00:00+05:30,12439.15146487496,12587.212941809485,12403.378222125679,12437.1640625,269323,0.0,0.0,ULTRACEMCO.NS
2025-07-11 00:00:00+05:30,12437.164600840335,12557.40244972989,12373.567722088836,12416.296875,240034,0.0,0.0,ULTRACEMCO.NS
2025-07-14 00:00:00+05:30,12416.296337562919,12499.767237311242,12351.705760376717,12437.1640625,278918,0.0,0.0,ULTRACEMCO.NS
2025-07-15 00:00:00+05:30,12465.982083101078,12465.982083101078,12346.737934039927,12423.2529296875,154124,0.0,0.0,ULTRACEMCO.NS
2025-07-16 00:00:00+05:30,12425.240286602626,12436.171000226477,12319.907955318247,12374.5615234375,156311,0.0,0.0,ULTRACEMCO.NS
2025-07-17 00:00:00+05:30,12386.485838085233,12468.963040216086,12353.693697478991,12416.296875,166142,0.0,0.0,ULTRACEMCO.NS
2025-07-18 00:00:00+05:30,12441.139747984676,12478.900395782075,12362.637348616403,12419.2783203125,98339,0.0,0.0,ULTRACEMCO.NS
2025-07-21 00:00:00+05:30,12480.88735265763,12633.917340898814,12296.058925301393,12497.7802734375,512521,0.0,0.0,ULTRACEMCO.NS
2025-07-22 00:00:00+05:30,12569.326519851857,12619.01158001413,12217.556293902962,12373.5673828125,533617,0.0,0.0,ULTRACEMCO.NS
2025-07-23 00:00:00+05:30,12381.516994965952,12436.170561155608,12280.159472214224,12294.0712890625,189617,0.0,0.0,ULTRACEMCO.NS
2025-07-24 00:00:00+05:30,12294.071684005201,12320.901617360209,12152.966108582574,12226.5,180080,0.0,0.0,ULTRACEMCO.NS
2025-07-25 00:00:00+05:30,12245.0,12345.0,12193.0,12250.0,290381,77.5,0.0,ULTRACEMCO.NS
2025-07-28 00:00:00+05:30,12274.0,12368.0,12210.0,12240.0,214107,0.0,0.0,ULTRACEMCO.NS
2025-07-29 00:00:00+05:30,12200.0,12262.0,12122.0,12221.0,208446,0.0,0.0,ULTRACEMCO.NS
2025-07-30 00:00:00+05:30,12205.0,12381.0,12201.0,12268.0,185681,0.0,0.0,ULTRACEMCO.NS
2025-07-31 00:00:00+05:30,12201.0,12329.0,12155.0,12249.0,150379,0.0,0.0,ULTRACEMCO.NS
2025-08-01 00:00:00+05:30,12181.0,12289.0,12075.0,12113.0,212570,0.0,0.0,ULTRACEMCO.NS
2025-08-04 00:00:00+05:30,12158.0,12290.0,12132.0,12257.0,207875,0.0,0.0,ULTRACEMCO.NS
2025-08-05 00:00:00+05:30,12330.0,12378.0,12262.0,12298.0,267535,0.0,0.0,ULTRACEMCO.NS
2025-08-06 00:00:00+05:30,12298.0,12390.0,12208.0,12226.0,192086,0.0,0.0,ULTRACEMCO.NS
2025-08-07 00:00:00+05:30,12204.0,12309.0,12125.0,12273.0,202031,0.0,0.0,ULTRACEMCO.NS
2025-08-08 00:00:00+05:30,12285.0,12315.0,12135.0,12157.0,201770,0.0,0.0,ULTRACEMCO.NS
2025-08-11 00:00:00+05:30,12161.0,12425.0,12161.0,12405.0,218605,0.0,0.0,ULTRACEMCO.NS
2025-08-12 00:00:00+05:30,12447.0,12530.0,12397.0,12449.0,334100,0.0,0.0,ULTRACEMCO.NS
2025-08-13 00:00:00+05:30,12485.0,12517.0,12388.0,12401.0,207359,0.0,0.0,ULTRACEMCO.NS
2025-08-14 00:00:00+05:30,12413.0,12428.0,12225.0,12317.0,235741,0.0,0.0,ULTRACEMCO.NS
2025-08-18 00:00:00+05:30,12628.0,12904.0,12556.0,12765.0,808480,0.0,0.0,ULTRACEMCO.NS
2025-08-19 00:00:00+05:30,12787.0,12880.0,12629.0,12863.0,351252,0.0,0.0,ULTRACEMCO.NS
2025-08-20 00:00:00+05:30,12850.0,12930.0,12765.0,12874.0,290957,0.0,0.0,ULTRACEMCO.NS
2025-08-21 00:00:00+05:30,12890.0,12906.0,12790.0,12870.0,155457,0.0,0.0,ULTRACEMCO.NS
2025-08-22 00:00:00+05:30,12864.0,12864.0,12563.0,12589.0,226948,0.0,0.0,ULTRACEMCO.NS
2025-08-25 00:00:00+05:30,12648.0,12731.0,12556.0,12606.0,199190,0.0,0.0,ULTRACEMCO.NS
2025-08-26 00:00:00+05:30,12581.0,12770.0,12480.0,12610.0,290322,0.0,0.0,ULTRACEMCO.NS
2025-08-28 00:00:00+05:30,12570.0,12648.0,12472.0,12521.0,283677,0.0,0.0,ULTRACEMCO.NS
2025-08-29 00:00:00+05:30,12521.0,12729.0,12521.0,12640.0,177858,0.0,0.0,ULTRACEMCO.NS
2025-09-01 00:00:00+05:30,12639.0,12852.0,12636.0,12826.0,214241,0.0,0.0,ULTRACEMCO.NS
2025-09-02 00:00:00+05:30,12788.0,12848.0,12687.0,12730.0,214101,0.0,0.0,ULTRACEMCO.NS
2025-09-03 00:00:00+05:30,12700.0,12770.0,12657.0,12733.0,140022,0.0,0.0,ULTRACEMCO.NS
2025-09-04 00:00:00+05:30,13000.0,13097.0,12634.0,12651.0,305040,0.0,0.0,ULTRACEMCO.NS
2025-09-05 00:00:00+05:30,12680.0,12738.0,12530.0,12601.0,153774,0.0,0.0,ULTRACEMCO.NS
2025-09-08 00:00:00+05:30,12601.0,12743.0,12601.0,12664.0,126448,0.0,0.0,ULTRACEMCO.NS
2025-09-09 00:00:00+05:30,12699.0,12708.0,12533.0,12572.0,240234,0.0,0.0,ULTRACEMCO.NS
2025-09-10 00:00:00+05:30,12625.0,12626.0,12420.0,12478.0,175576,0.0,0.0,ULTRACEMCO.NS
2025-09-11 00:00:00+05:30,12478.0,12517.0,12360.0,12392.0,132660,0.0,0.0,ULTRACEMCO.NS
2025-09-12 00:00:00+05:30,12396.0,12479.0,12343.0,12370.0,153086,0.0,0.0,ULTRACEMCO.NS
2025-09-15 00:00:00+05:30,12370.0,12481.0,12324.0,12435.0,179530,0.0,0.0,ULTRACEMCO.NS
2025-09-16 00:00:00+05:30,12497.0,12599.0,12446.0,12578.0,189043,0.0,0.0,ULTRACEMCO.NS
2025-09-17 00:00:00+05:30,12678.0,12800.0,12614.0,12721.0,264319,0.0,0.0,ULTRACEMCO.NS
2025-09-18 00:00:00+05:30,12730.0,12749.0,12562.0,12626.0,190079,0.0,0.0,ULTRACEMCO.NS
2025-09-19 00:00:00+05:30,12602.0,12644.0,12484.0,12508.0,571670,0.0,0.0,ULTRACEMCO.NS
2025-09-22 00:00:00+05:30,12547.0,12706.0,12542.0,12650.0,499548,0.0,0.0,ULTRACEMCO.NS
2025-09-23 00:00:00+05:30,12650.0,12698.0,12361.0,12401.0,403638,0.0,0.0,ULTRACEMCO.NS
2025-09-24 00:00:00+05:30,12427.0,12448.0,12200.0,12214.0,166517,0.0,0.0,ULTRACEMCO.NS
2025-09-25 00:00:00+05:30,12210.0,12275.0,12120.0,12141.0,272540,0.0,0.0,ULTRACEMCO.NS
2025-09-26 00:00:00+05:30,12140.0,12199.0,11990.0,12070.0,181541,0.0,0.0,ULTRACEMCO.NS
2025-09-29 00:00:00+05:30,12100.0,12146.0,11962.0,12041.0,214806,0.0,0.0,ULTRACEMCO.NS
2025-09-30 00:00:00+05:30,12041.0,12261.0,12041.0,12222.0,279155,0.0,0.0,ULTRACEMCO.NS
2025-10-01 00:00:00+05:30,12274.0,12274.0,12071.0,12095.0,129528,0.0,0.0,ULTRACEMCO.NS
2025-10-03 00:00:00+05:30,12095.0,12139.0,11982.0,12019.0,258411,0.0,0.0,ULTRACEMCO.NS
2025-10-06 00:00:00+05:30,12019.0,12100.0,11991.0,12055.0,106362,0.0,0.0,ULTRACEMCO.NS
2025-10-07 00:00:00+05:30,12059.0,12210.0,12025.0,12184.0,225472,0.0,0.0,ULTRACEMCO.NS
2025-10-08 00:00:00+05:30,12150.0,12182.0,11940.0,11991.0,173973,0.0,0.0,ULTRACEMCO.NS
2025-10-09 00:00:00+05:30,11991.0,12211.0,11973.0,12192.0,171737,0.0,0.0,ULTRACEMCO.NS
2025-10-10 00:00:00+05:30,12180.0,12324.0,12111.0,12281.0,198464,0.0,0.0,ULTRACEMCO.NS
2025-10-13 00:00:00+05:30,12225.0,12249.0,12150.0,12172.0,87745,0.0,0.0,ULTRACEMCO.NS
2025-10-14 00:00:00+05:30,12172.0,12251.0,12026.0,12070.0,129196,0.0,0.0,ULTRACEMCO.NS
2025-10-15 00:00:00+05:30,12085.0,12325.0,12085.0,12311.0,142328,0.0,0.0,ULTRACEMCO.NS
2025-10-16 00:00:00+05:30,12306.0,12405.0,12268.0,12358.0,129372,0.0,0.0,ULTRACEMCO.NS
2025-10-17 00:00:00+05:30,12300.0,12390.0,12259.0,12370.0,182242,0.0,0.0,ULTRACEMCO.NS
2025-10-20 00:00:00+05:30,12420.0,12448.0,12175.0,12346.0,393365,0.0,0.0,ULTRACEMCO.NS
2025-10-21 00:00:00+05:30,12371.0,12417.0,12271.0,12342.0,14465,0.0,0.0,ULTRACEMCO.NS
2025-10-23 00:00:00+05:30,12390.0,12415.0,12112.0,12145.0,370812,0.0,0.0,ULTRACEMCO.NS
2025-10-24 00:00:00+05:30,12149.0,12174.0,11876.0,11918.0,318840,0.0,0.0,ULTRACEMCO.NS
2025-10-27 00:00:00+05:30,11922.0,12049.0,11920.0,12015.0,408073,0.0,0.0,ULTRACEMCO.NS
2025-10-28 00:00:00+05:30,12025.0,12048.0,11866.0,11931.0,513095,0.0,0.0,ULTRACEMCO.NS
2025-10-29 00:00:00+05:30,11940.0,12060.0,11899.0,11999.0,394272,0.0,0.0,ULTRACEMCO.NS
2025-10-30 00:00:00+05:30,12040.0,12084.0,11950.0,12053.0,159943,0.0,0.0,ULTRACEMCO.NS
2025-10-31 00:00:00+05:30,12053.0,12102.0,11917.0,11947.0,175191,0.0,0.0,ULTRACEMCO.NS
2025-11-03 00:00:00+05:30,11927.0,11984.0,11885.0,11950.0,98394,0.0,0.0,ULTRACEMCO.NS
2025-11-04 00:00:00+05:30,11960.0,11960.0,11785.0,11819.0,199364,0.0,0.0,ULTRACEMCO.NS
2025-11-06 00:00:00+05:30,11800.0,11985.0,11798.0,11910.0,189652,0.0,0.0,ULTRACEMCO.NS
2025-11-07 00:00:00+05:30,11871.0,11951.0,11834.0,11849.0,148161,0.0,0.0,ULTRACEMCO.NS
2025-11-10 00:00:00+05:30,11851.0,11890.0,11701.0,11728.0,197085,0.0,0.0,ULTRACEMCO.NS
2025-11-11 00:00:00+05:30,11750.0,11849.0,11720.0,11825.0,125847,0.0,0.0,ULTRACEMCO.NS
2025-11-12 00:00:00+05:30,11861.0,11949.0,11831.0,11921.0,184542,0.0,0.0,ULTRACEMCO.NS
2025-11-13 00:00:00+05:30,11921.0,12016.0,11907.0,11934.0,174415,0.0,0.0,ULTRACEMCO.NS
2025-11-14 00:00:00+05:30,11941.0,11941.0,11786.0,11874.0,161315,0.0,0.0,ULTRACEMCO.NS
2025-11-17 00:00:00+05:30,11810.0,11855.0,11745.0,11778.0,194379,0.0,0.0,ULTRACEMCO.NS
2025-11-18 00:00:00+05:30,11888.0,11888.0,11688.0,11707.0,318116,0.0,0.0,ULTRACEMCO.NS
2025-11-19 00:00:00+05:30,11707.0,11754.0,11638.0,11666.0,271396,0.0,0.0,ULTRACEMCO.NS
2025-11-20 00:00:00+05:30,11720.0,11773.0,11661.0,11753.0,185397,0.0,0.0,ULTRACEMCO.NS
2025-11-21 00:00:00+05:30,11758.0,11788.0,11691.0,11729.0,192051,0.0,0.0,ULTRACEMCO.NS
2025-11-24 00:00:00+05:30,11738.0,11738.0,11561.0,11584.0,407297,0.0,0.0,ULTRACEMCO.NS
2025-11-25 00:00:00+05:30,11600.0,11647.0,11538.0,11580.0,200149,0.0,0.0,ULTRACEMCO.NS
2025-11-26 00:00:00+05:30,11589.0,11773.0,11585.0,11759.0,187481,0.0,0.0,ULTRACEMCO.NS
2025-11-27 00:00:00+05:30,11776.0,11787.0,11599.0,11617.0,275290,0.0,0.0,ULTRACEMCO.NS
2025-11-28 00:00:00+05:30,11620.0,11640.0,11557.0,11600.0,159990,0.0,0.0,ULTRACEMCO.NS
2025-12-01 00:00:00+05:30,11620.0,12021.0,11556.0,11662.0,228729,0.0,0.0,ULTRACEMCO.NS
2025-12-02 00:00:00+05:30,11702.0,11713.0,11590.0,11666.0,190930,0.0,0.0,ULTRACEMCO.NS
2025-12-03 00:00:00+05:30,11700.0,11702.0,11520.0,11591.0,206293,0.0,0.0,ULTRACEMCO.NS
2025-12-04 00:00:00+05:30,11580.0,11631.0,11524.0,11608.0,159687,0.0,0.0,ULTRACEMCO.NS
2025-12-05 00:00:00+05:30,11630.0,11665.0,11561.0,11597.0,226572,0.0,0.0,ULTRACEMCO.NS
2025-12-08 00:00:00+05:30,11610.0,11632.0,11490.0,11540.0,148186,0.0,0.0,ULTRACEMCO.NS
2025-12-09 00:00:00+05:30,11500.0,11525.0,11379.0,11414.0,274482,0.0,0.0,ULTRACEMCO.NS
2025-12-10 00:00:00+05:30,11425.0,11499.0,11297.0,11317.0,272923,0.0,0.0,ULTRACEMCO.NS
2025-12-11 00:00:00+05:30,11340.0,11484.0,11266.0,11472.0,196507,0.0,0.0,ULTRACEMCO.NS
2025-12-12 00:00:00+05:30,11491.0,11738.0,11481.0,11723.0,389481,0.0,0.0,ULTRACEMCO.NS
2025-12-15 00:00:00+05:30,11658.0,11804.0,11658.0,11728.0,178073,0.0,0.0,ULTRACEMCO.NS
2025-12-16 00:00:00+05:30,11700.0,11700.0,11510.0,11528.0,179690,0.0,0.0,ULTRACEMCO.NS
2025-12-17 00:00:00+05:30,11505.0,11591.0,11495.0,11540.0,205337,0.0,0.0,ULTRACEMCO.NS
2025-12-18 00:00:00+05:30,11545.0,11565.0,11412.0,11461.0,103462,0.0,0.0,ULTRACEMCO.NS
2025-12-19 00:00:00+05:30,11503.0,11529.0,11442.0,11496.0,152956,0.0,0.0,ULTRACEMCO.NS
2025-12-22 00:00:00+05:30,11496.0,11548.0,11431.0,11532.0,170807,0.0,0.0,ULTRACEMCO.NS
2025-12-23 00:00:00+05:30,11550.0,11750.0,11530.0,11678.0,161830,0.0,0.0,ULTRACEMCO.NS
2025-12-24 00:00:00+05:30,11715.0,11790.0,11671.0,11764.0,182050,0.0,0.0,ULTRACEMCO.NS
2025-12-26 00:00:00+05:30,11766.0,11855.0,11743.0,11794.0,193121,0.0,0.0,ULTRACEMCO.NS
2025-12-29 00:00:00+05:30,11778.0,11820.0,11731.0,11799.0,197600,0.0,0.0,ULTRACEMCO.NS
2025-12-30 00:00:00+05:30,11810.0,11811.0,11651.0,11705.0,236323,0.0,0.0,ULTRACEMCO.NS
2025-12-31 00:00:00+05:30,11681.0,11794.0,11680.0,11784.0,172267,0.0,0.0,ULTRACEMCO.NS
2026-01-01 00:00:00+05:30,11792.0,11915.0,11784.0,11901.0,71887,0.0,0.0,ULTRACEMCO.NS
2026-01-02 00:00:00+05:30,11903.0,11970.0,11821.0,11899.0,206244,0.0,0.0,ULTRACEMCO.NS
2026-01-05 00:00:00+05:30,11931.0,12114.0,11860.0,12087.0,302803,0.0,0.0,ULTRACEMCO.NS
2026-01-06 00:00:00+05:30,12100.0,12225.0,12066.0,12204.0,225766,0.0,0.0,ULTRACEMCO.NS
2026-01-07 00:00:00+05:30,12230.0,12250.0,12078.0,12184.0,246825,0.0,0.0,ULTRACEMCO.NS
2026-01-08 00:00:00+05:30,12165.0,12188.0,12034.0,12064.0,229175,0.0,0.0,ULTRACEMCO.NS
2026-01-09 00:00:00+05:30,12058.0,12065.0,11852.0,11937.0,263833,0.0,0.0,ULTRACEMCO.NS
2026-01-12 00:00:00+05:30,11870.0,12124.0,11786.0,12098.0,275484,0.0,0.0,ULTRACEMCO.NS
2026-01-13 00:00:00+05:30,12050.0,12199.0,11936.0,12044.0,290750,0.0,0.0,ULTRACEMCO.NS
2026-01-14 00:00:00+05:30,12074.0,12323.0,11942.0,12255.0,408660,0.0,0.0,ULTRACEMCO.NS
2026-01-15 00:00:00+05:30,12255.0,12255.0,12255.0,12255.0,0,0.0,0.0,ULTRACEMCO.NS
2026-01-16 00:00:00+05:30,11800.0,12405.0,11800.0,12378.0,454481,0.0,0.0,ULTRACEMCO.NS
2026-01-19 00:00:00+05:30,12350.0,12395.0,12233.0,12297.0,257602,0.0,0.0,ULTRACEMCO.NS
2026-01-20 00:00:00+05:30,12225.0,12399.0,11995.0,12059.0,298026,0.0,0.0,ULTRACEMCO.NS
2026-01-21 00:00:00+05:30,12059.0,12280.0,11984.0,12231.0,209393,0.0,0.0,ULTRACEMCO.NS
2026-01-22 00:00:00+05:30,12293.0,12400.0,12165.0,12364.0,286236,0.0,0.0,ULTRACEMCO.NS
2026-01-23 00:00:00+05:30,12375.0,12554.0,12283.0,12369.0,356421,0.0,0.0,ULTRACEMCO.NS
2026-01-27 00:00:00+05:30,12544.0,12825.0,12500.0,12589.0,926373,0.0,0.0,ULTRACEMCO.NS
2026-01-28 00:00:00+05:30,12640.0,12790.0,12561.0,12767.0,456847,0.0,0.0,ULTRACEMCO.NS
2026-01-29 00:00:00+05:30,12758.0,12758.0,12554.0,12717.0,285262,0.0,0.0,ULTRACEMCO.NS
2026-01-30 00:00:00+05:30,12649.0,12725.0,12536.0,12694.0,296876,0.0,0.0,ULTRACEMCO.NS
2026-02-02 00:00:00+05:30,12380.0,12600.0,12191.0,12535.0,259656,0.0,0.0,ULTRACEMCO.NS
2026-02-03 00:00:00+05:30,12800.0,12952.0,12575.0,12590.0,296810,0.0,0.0,ULTRACEMCO.NS
2026-02-04 00:00:00+05:30,12600.0,12839.0,12585.0,12806.0,159977,0.0,0.0,ULTRACEMCO.NS
2026-02-05 00:00:00+05:30,12762.0,12834.0,12732.0,12773.0,172331,0.0,0.0,ULTRACEMCO.NS
2026-02-06 00:00:00+05:30,12725.0,12775.0,12622.0,12722.0,124704,0.0,0.0,ULTRACEMCO.NS
2026-02-09 00:00:00+05:30,12809.0,13071.0,12722.0,13048.0,235298,0.0,0.0,ULTRACEMCO.NS
2026-02-10 00:00:00+05:30,13060.0,13110.0,12968.0,13023.0,167157,0.0,0.0,ULTRACEMCO.NS
2026-02-11 00:00:00+05:30,13087.0,13087.0,12907.0,12969.0,92473,0.0,0.0,ULTRACEMCO.NS
2026-02-12 00:00:00+05:30,12969.0,13071.0,12900.0,13029.0,179716,0.0,0.0,ULTRACEMCO.NS
2026-02-13 00:00:00+05:30,13012.0,13025.0,12873.0,12963.0,178236,0.0,0.0,ULTRACEMCO.NS
2026-02-16 00:00:00+05:30,12897.0,12997.0,12861.0,12981.0,81768,0.0,0.0,ULTRACEMCO.NS
2026-02-17 00:00:00+05:30,12955.0,13008.0,12838.0,12984.0,136174,0.0,0.0,ULTRACEMCO.NS
2026-02-18 00:00:00+05:30,12986.0,13095.0,12986.0,13052.0,161603,0.0,0.0,ULTRACEMCO.NS
2026-02-19 00:00:00+05:30,13039.0,13059.0,12637.0,12688.0,195303,0.0,0.0,ULTRACEMCO.NS
2026-02-20 00:00:00+05:30,12650.0,12838.0,12578.0,12766.0,120589,0.0,0.0,ULTRACEMCO.NS
2026-02-23 00:00:00+05:30,12830.0,12996.0,12759.0,12976.0,134369,0.0,0.0,ULTRACEMCO.NS
2026-02-24 00:00:00+05:30,12972.0,13010.0,12900.0,12960.0,332450,0.0,0.0,ULTRACEMCO.NS
2026-02-25 00:00:00+05:30,12961.0,13061.0,12866.0,13041.0,201537,0.0,0.0,ULTRACEMCO.NS
2026-02-26 00:00:00+05:30,13089.0,13089.0,12830.0,12937.0,209041,0.0,0.0,ULTRACEMCO.NS
2026-02-27 00:00:00+05:30,12895.0,12897.0,12640.0,12677.0,272915,0.0,0.0,ULTRACEMCO.NS
2026-03-02 00:00:00+05:30,12375.0,12622.0,12325.0,12521.0,237506,0.0,0.0,ULTRACEMCO.NS
2026-03-04 00:00:00+05:30,12175.0,12500.0,11888.0,12107.0,394665,0.0,0.0,ULTRACEMCO.NS
2026-03-05 00:00:00+05:30,12107.0,12330.0,12030.0,12288.0,284992,0.0,0.0,ULTRACEMCO.NS
2026-03-06 00:00:00+05:30,12160.0,12208.0,11948.0,11987.0,296585,0.0,0.0,ULTRACEMCO.NS
2026-03-09 00:00:00+05:30,11766.0,11808.0,11329.0,11378.0,590742,0.0,0.0,ULTRACEMCO.NS
2026-03-10 00:00:00+05:30,11606.0,11759.0,11531.0,11654.0,460885,0.0,0.0,ULTRACEMCO.NS
2026-03-11 00:00:00+05:30,11650.0,11663.0,11430.0,11462.0,231139,0.0,0.0,ULTRACEMCO.NS
2026-03-12 00:00:00+05:30,11401.0,11405.0,11059.0,11089.0,535730,0.0,0.0,ULTRACEMCO.NS
2026-03-13 00:00:00+05:30,11000.0,11000.0,10573.0,10616.0,723904,0.0,0.0,ULTRACEMCO.NS
2026-03-16 00:00:00+05:30,10670.0,11151.0,10652.0,11099.0,728077,0.0,0.0,ULTRACEMCO.NS
2026-03-17 00:00:00+05:30,11090.0,11160.0,10991.0,11116.0,332933,0.0,0.0,ULTRACEMCO.NS
2026-03-18 00:00:00+05:30,11124.0,11287.0,11116.0,11247.0,211865,0.0,0.0,ULTRACEMCO.NS
2026-03-19 00:00:00+05:30,11080.0,11132.0,10778.0,10814.0,283817,0.0,0.0,ULTRACEMCO.NS
2026-03-20 00:00:00+05:30,10920.0,10974.0,10853.0,10934.0,365914,0.0,0.0,ULTRACEMCO.NS
2026-03-23 00:00:00+05:30,10877.0,10877.0,10325.0,10362.0,644386,0.0,0.0,ULTRACEMCO.NS
2026-03-24 00:00:00+05:30,10650.0,10867.0,10472.0,10764.0,369647,0.0,0.0,ULTRACEMCO.NS
2026-03-25 00:00:00+05:30,10801.0,11236.0,10801.0,11204.0,456437,0.0,0.0,ULTRACEMCO.NS
2026-03-27 00:00:00+05:30,11174.0,11174.0,10970.0,11049.0,418469,0.0,0.0,ULTRACEMCO.NS
2026-03-30 00:00:00+05:30,10985.0,10990.0,10687.0,10745.0,632265,0.0,0.0,ULTRACEMCO.NS
2026-04-01 00:00:00+05:30,10802.0,11112.0,10643.0,10714.0,431636,0.0,0.0,ULTRACEMCO.NS
2026-04-02 00:00:00+05:30,10639.0,10663.0,10365.0,10620.0,333524,0.0,0.0,ULTRACEMCO.NS
2026-04-06 00:00:00+05:30,10611.0,10976.0,10540.0,10955.0,374420,0.0,0.0,ULTRACEMCO.NS
2026-04-07 00:00:00+05:30,10922.0,10954.0,10765.0,10936.0,263658,0.0,0.0,ULTRACEMCO.NS
2026-04-08 00:00:00+05:30,11400.0,11776.0,11349.0,11603.0,612764,0.0,0.0,ULTRACEMCO.NS
2026-04-09 00:00:00+05:30,11425.0,11562.0,11390.0,11448.0,330553,0.0,0.0,ULTRACEMCO.NS
2026-04-10 00:00:00+05:30,11500.0,11643.0,11476.0,11589.0,420339,0.0,0.0,ULTRACEMCO.NS
2026-04-13 00:00:00+05:30,11366.0,11522.0,11282.0,11502.0,220442,0.0,0.0,ULTRACEMCO.NS
2026-04-15 00:00:00+05:30,11840.0,11950.0,11711.0,11785.0,274811,0.0,0.0,ULTRACEMCO.NS
2026-04-16 00:00:00+05:30,11840.0,11859.0,11710.0,11826.0,308549,0.0,0.0,ULTRACEMCO.NS
2026-04-17 00:00:00+05:30,11820.0,11930.0,11737.0,11886.0,165109,0.0,0.0,ULTRACEMCO.NS
2026-04-20 00:00:00+05:30,11970.0,12062.0,11816.0,11917.0,335624,0.0,0.0,ULTRACEMCO.NS
2026-04-21 00:00:00+05:30,11800.0,12065.0,11800.0,12039.0,320111,0.0,0.0,ULTRACEMCO.NS
2026-04-22 00:00:00+05:30,12013.0,12222.0,12001.0,12193.0,312307,0.0,0.0,ULTRACEMCO.NS
2026-04-23 00:00:00+05:30,12105.0,12213.0,11936.0,12167.0,227223,0.0,0.0,ULTRACEMCO.NS
2026-04-24 00:00:00+05:30,12203.0,12246.0,11954.0,11998.0,349586,0.0,0.0,ULTRACEMCO.NS
2026-04-27 00:00:00+05:30,12148.0,12240.0,11869.0,12010.0,567601,0.0,0.0,ULTRACEMCO.NS
2026-04-28 00:00:00+05:30,12282.0,12282.0,11790.0,11817.0,509322,0.0,0.0,ULTRACEMCO.NS
2026-04-29 00:00:00+05:30,11870.0,12060.0,11817.0,11833.0,361932,0.0,0.0,ULTRACEMCO.NS
2026-04-30 00:00:00+05:30,11777.0,11777.0,11484.0,11586.0,719688,0.0,0.0,ULTRACEMCO.NS
2026-05-01 00:00:00+05:30,11586.0,11586.0,11586.0,11586.0,0,0.0,0.0,ULTRACEMCO.NS
2026-05-04 00:00:00+05:30,11670.0,11798.0,11590.0,11758.0,461238,0.0,0.0,ULTRACEMCO.NS
2026-05-05 00:00:00+05:30,11671.0,11987.0,11624.0,11963.0,350047,0.0,0.0,ULTRACEMCO.NS
2026-05-06 00:00:00+05:30,12022.0,12141.0,11942.0,12093.0,355092,0.0,0.0,ULTRACEMCO.NS
2026-05-07 00:00:00+05:30,12270.0,12275.0,12120.0,12146.0,227651,0.0,0.0,ULTRACEMCO.NS
2026-05-08 00:00:00+05:30,12090.0,12110.0,11877.0,11950.0,258727,0.0,0.0,ULTRACEMCO.NS
